0,1,深圳,4,54258元/O,广东,0.75%↑,2019
0,1,深圳,3,53853元/O,广东,0.17%↑,2019
0,1,深圳,2,53763元/O,广东,0.16%↑,2019
0,1,深圳,1,53678元/O,广东,0.89%↑,2019
0,1,深圳,12,53205元/O,广东,0.95%↓,2018
0,1,深圳,11,53716元/O,广东,0.1%↓,2018
0,1,深圳,10,53768元/O,广东,0.79%↓,2018
0,1,深圳,9,54199元/O,广东,0.06%↓,2018
0,1,深圳,8,54233元/O,广东,0.71%↑,2018
0,1,深圳,7,53850元/O,广东,0.94%↑,2018
0,1,深圳,6,53350元/O,广东,0.95%↑,2018
0,1,深圳,5,52850元/O,广东,0.31%↑,2018
0,1,深圳,4,52685元/O,广东,0.85%↑,2018
0,1,深圳,3,52240元/O,广东,0.31%↑,2018
0,1,深圳,2,52077元/O,广东,0.67%↑,2018
0,1,深圳,1,51732元/O,广东,0.5%↑,2018
0,1,深圳,12,51477元/O,广东,0.39%↑,2017
0,1,深圳,11,51277元/O,广东,0.39%↑,2017
0,1,深圳,10,51077元/O,广东,0.59%↑,2017
0,1,深圳,9,50777元/O,广东,0.59%↑,2017
0,1,深圳,8,50477元/O,广东,0.8%↑,2017
0,1,深圳,7,50077元/O,广东,0.74%↑,2017
0,1,深圳,6,49709元/O,广东,0.69%↑,2017
0,1,深圳,5,49367元/O,广东,0.67%↑,2017
0,1,深圳,4,49037元/O,广东,3.21%↑,2017
0,1,深圳,3,47512元/O,广东,2.18%↑,2017
0,1,深圳,2,46500元/O,广东,0.98%↑,2017
0,1,深圳,1,46049元/O,广东,3.79%↓,2017
0,1,深圳,12,43289元/O,广东,3.76%↓,2016
0,1,深圳,11,44982元/O,广东,0.36%↓,2016
0,1,深圳,10,45143元/O,广东,1.36%↓,2016
0,1,深圳,9,45764元/O,广东,0.68%↑,2016
0,1,深圳,8,45453元/O,广东,1.67%↑,2016
0,1,深圳,7,44704元/O,广东,0.23%↑,2016
0,1,深圳,6,44600元/O,广东,2.73%↓,2016
0,1,深圳,5,45851元/O,广东,2.42%↓,2016
0,1,深圳,4,46989元/O,广东,3.77%↓,2016
0,1,深圳,3,48829元/O,广东,3.13%↑,2016
0,1,深圳,2,47345元/O,广东,5.16%↑,2016
0,1,深圳,1,45024元/O,广东,8.5%↑,2016
0,1,深圳,12,41494元/O,广东,5%↑,2015
0,1,深圳,11,39451元/O,广东,2%↓,2015
0,1,深圳,10,40118元/O,广东,--,2015
0,1,深圳,9,40230元/O,广东,1%↑,2015
0,1,深圳,8,39972元/O,广东,--,2015
0,1,深圳,7,39900元/O,广东,9%↑,2015
0,1,深圳,6,36762元/O,广东,10%↑,2015
0,1,深圳,5,33384元/O,广东,8%↑,2015
0,1,深圳,4,30791元/O,广东,5%↑,2015
0,1,深圳,3,29436元/O,广东,1%↑,2015
0,1,深圳,2,29110元/O,广东,--,2015
0,1,深圳,1,28993元/O,广东,3%↑,2015
0,1,深圳,12,28117元/O,广东,0.02%↓,2014
0,1,深圳,11,28123元/O,广东,1.68%↑,2014
0,1,深圳,10,27658元/O,广东,4.09%↑,2014
0,1,深圳,9,26570元/O,广东,--,2014
0,1,深圳,8,26570元/O,广东,0.44%↓,2014
0,1,深圳,7,26688元/O,广东,4.67%↑,2014
0,1,深圳,6,25498元/O,广东,2.27%↓,2014
0,1,深圳,5,26090元/O,广东,0.02%↑,2014
0,1,深圳,4,26084元/O,广东,1.85%↑,2014
0,1,深圳,3,25611元/O,广东,1.85%↑,2014
0,1,深圳,2,25147元/O,广东,1.07%↑,2014
0,1,深圳,1,24881元/O,广东,0.12%↓,2014
0,1,深圳,12,24910元/O,广东,0.78%↑,2013
0,1,深圳,11,24718元/O,广东,0.64%↑,2013
0,1,深圳,10,24560元/O,广东,1.52%↑,2013
0,1,深圳,9,24192元/O,广东,6.41%↑,2013
0,1,深圳,8,22734元/O,广东,6.07%↑,2013
0,1,深圳,7,21434元/O,广东,1.19%↑,2013
0,1,深圳,6,21181元/O,广东,2.35%↓,2013
0,1,深圳,5,21690元/O,广东,0.49%↑,2013
0,1,深圳,4,21584元/O,广东,3.79%↑,2013
0,1,深圳,3,20796元/O,广东,4.42%↑,2013
0,1,深圳,2,19915元/O,广东,1.87%↑,2013
0,1,深圳,1,19550元/O,广东,1.31%↑,2013
0,1,广州,4,32128元/O,广东,1.04%↓,2019
0,1,广州,3,32467元/O,广东,0.99%↓,2019
0,1,广州,2,32791元/O,广东,0.1%↑,2019
0,1,广州,1,32758元/O,广东,2.09%↑,2019
0,1,广州,12,32088元/O,广东,0.42%↓,2018
0,1,广州,11,32225元/O,广东,2.16%↓,2018
0,1,广州,10,32936元/O,广东,1.55%↓,2018
0,1,广州,9,33455元/O,广东,0.5%↑,2018
0,1,广州,8,33289元/O,广东,1.9%↑,2018
0,1,广州,7,32670元/O,广东,2.03%↑,2018
0,1,广州,6,32021元/O,广东,1.74%↑,2018
0,1,广州,5,31472元/O,广东,1.38%↑,2018
0,1,广州,4,31044元/O,广东,2.07%↑,2018
0,1,广州,3,30413元/O,广东,2.46%↑,2018
0,1,广州,2,29683元/O,广东,3.78%↑,2018
0,1,广州,1,28602元/O,广东,0.08%↑,2018
0,1,广州,12,28578元/O,广东,2.03%↑,2017
0,1,广州,11,28009元/O,广东,0.87%↓,2017
0,1,广州,10,28254元/O,广东,0.03%↓,2017
0,1,广州,9,28814元/O,广东,1.07%↑,2017
0,1,广州,8,28508元/O,广东,1.11%↑,2017
0,1,广州,7,28196元/O,广东,0.05%↑,2017
0,1,广州,6,27329元/O,广东,4.87%↑,2017
0,1,广州,5,26061元/O,广东,0.08%↑,2017
0,1,广州,4,25369元/O,广东,0.95%↑,2017
0,1,广州,3,25131元/O,广东,0.32%↑,2017
0,1,广州,2,24427元/O,广东,2.88%↑,2017
0,1,广州,1,23744元/O,广东,3.57%↑,2017
0,1,广州,12,22926元/O,广东,1.49%↑,2016
0,1,广州,11,22590元/O,广东,1.57%↑,2016
0,1,广州,10,22242元/O,广东,2.41%↑,2016
0,1,广州,9,21720元/O,广东,0.78%↑,2016
0,1,广州,8,21553元/O,广东,1.36%↑,2016
0,1,广州,7,21264元/O,广东,0.57%↑,2016
0,1,广州,6,21144元/O,广东,0.18%↑,2016
0,1,广州,5,21107元/O,广东,0.12%↓,2016
0,1,广州,4,21133元/O,广东,1.55%↑,2016
0,1,广州,3,20811元/O,广东,0.82%↑,2016
0,1,广州,2,20643元/O,广东,0.1%↑,2016
0,1,广州,1,20623元/O,广东,3.04%↑,2016
0,1,广州,12,20016元/O,广东,--,2015
0,1,广州,11,19996元/O,广东,--,2015
0,1,广州,10,19921元/O,广东,--,2015
0,1,广州,9,19988元/O,广东,--,2015
0,1,广州,8,19997元/O,广东,--,2015
0,1,广州,7,20014元/O,广东,1%↑,2015
0,1,广州,6,19902元/O,广东,2%↑,2015
0,1,广州,5,19562元/O,广东,1%↑,2015
0,1,广州,4,19417元/O,广东,2%↑,2015
0,1,广州,3,19024元/O,广东,1%↑,2015
0,1,广州,2,18851元/O,广东,--,2015
0,1,广州,1,18792元/O,广东,1%↑,2015
0,1,广州,12,18564元/O,广东,2.67%↑,2014
0,1,广州,11,18081元/O,广东,4.29%↑,2014
0,1,广州,10,17338元/O,广东,0.15%↑,2014
0,1,广州,9,17312元/O,广东,0.79%↓,2014
0,1,广州,8,17450元/O,广东,1.77%↓,2014
0,1,广州,7,17764元/O,广东,3.67%↓,2014
0,1,广州,6,18440元/O,广东,1.69%↓,2014
0,1,广州,5,18757元/O,广东,1.49%↓,2014
0,1,广州,4,19040元/O,广东,2.16%↓,2014
0,1,广州,3,19460元/O,广东,2.55%↑,2014
0,1,广州,2,18977元/O,广东,0.44%↑,2014
0,1,广州,1,18893元/O,广东,1.64%↓,2014
0,1,广州,12,19208元/O,广东,1.94%↓,2013
0,1,广州,11,19589元/O,广东,0.74%↑,2013
0,1,广州,10,19445元/O,广东,2.28%↑,2013
0,1,广州,9,19011元/O,广东,3.93%↑,2013
0,1,广州,8,18293元/O,广东,3.01%↑,2013
0,1,广州,7,17759元/O,广东,1.39%↑,2013
0,1,广州,6,17515元/O,广东,1.22%↑,2013
0,1,广州,5,17304元/O,广东,1.97%↓,2013
0,1,广州,4,17651元/O,广东,0.08%↓,2013
0,1,广州,3,17665元/O,广东,1.39%↑,2013
0,1,广州,2,17423元/O,广东,2.47%↑,2013
0,1,广州,1,17003元/O,广东,2.71%↑,2013
0,1,珠海,4,20987元/O,广东,0.34%↑,2019
0,1,珠海,3,20917元/O,广东,1.2%↑,2019
0,1,珠海,2,20670元/O,广东,0.84%↓,2019
0,1,珠海,1,20845元/O,广东,0.32%↑,2019
0,1,珠海,12,20778元/O,广东,0.15%↓,2018
0,1,珠海,11,20811元/O,广东,0.54%↓,2018
0,1,珠海,10,20924元/O,广东,0.9%↓,2018
0,1,珠海,9,21114元/O,广东,0.48%↓,2018
0,1,珠海,8,21216元/O,广东,5.78%↑,2018
0,1,珠海,7,20058元/O,广东,0.46%↓,2018
0,1,珠海,6,20151元/O,广东,0.84%↑,2018
0,1,珠海,5,19983元/O,广东,--,2018
0,1,珠海,4,19940元/O,广东,0.07%↑,2018
0,1,珠海,3,19926元/O,广东,--,2018
0,1,珠海,2,19752元/O,广东,1.62%↑,2018
0,1,珠海,1,19437元/O,广东,0.48%↓,2018
0,1,珠海,12,19531元/O,广东,0.02%↑,2017
0,1,珠海,11,19323元/O,广东,4.87%↑,2017
0,1,珠海,10,18427元/O,广东,0.13%↑,2017
0,1,珠海,9,18124元/O,广东,0.42%↑,2017
0,1,珠海,8,18049元/O,广东,0.52%↓,2017
0,1,珠海,7,18144元/O,广东,0.02%↓,2017
0,1,珠海,6,18449元/O,广东,2.56%↓,2017
0,1,珠海,5,18933元/O,广东,0.04%↓,2017
0,1,珠海,4,19008元/O,广东,0.16%↑,2017
0,1,珠海,3,18977元/O,广东,0.07%↑,2017
0,1,珠海,2,18595元/O,广东,0.24%↓,2017
0,1,珠海,1,18639元/O,广东,2.26%↓,2017
0,1,珠海,12,19070元/O,广东,1.06%↑,2016
0,1,珠海,11,18871元/O,广东,1.18%↓,2016
0,1,珠海,10,19096元/O,广东,7.3%↑,2016
0,1,珠海,9,17798元/O,广东,1.54%↑,2016
0,1,珠海,8,17529元/O,广东,1.31%↑,2016
0,1,珠海,7,17302元/O,广东,0.49%↓,2016
0,1,珠海,6,17387元/O,广东,2.59%↓,2016
0,1,珠海,5,17849元/O,广东,1.45%↑,2016
0,1,珠海,4,17594元/O,广东,6.74%↑,2016
0,1,珠海,3,16484元/O,广东,7.84%↑,2016
0,1,珠海,2,15286元/O,广东,1.49%↑,2016
0,1,珠海,1,15062元/O,广东,0.55%↑,2016
0,1,珠海,12,14980元/O,广东,3%↑,2015
0,1,珠海,11,14547元/O,广东,--,2015
0,1,珠海,10,14553元/O,广东,3%↑,2015
0,1,珠海,9,14180元/O,广东,2%↑,2015
0,1,珠海,8,13929元/O,广东,2%↑,2015
0,1,珠海,7,13694元/O,广东,2%↑,2015
0,1,珠海,6,13457元/O,广东,2%↑,2015
0,1,珠海,5,13228元/O,广东,1%↑,2015
0,1,珠海,4,13051元/O,广东,1%↓,2015
0,1,珠海,3,13156元/O,广东,1%↑,2015
0,1,珠海,2,13068元/O,广东,3%↑,2015
0,1,珠海,1,12719元/O,广东,4%↑,2015
0,1,珠海,12,12231元/O,广东,1.62%↓,2014
0,1,珠海,11,12432元/O,广东,1.15%↑,2014
0,1,珠海,10,12291元/O,广东,1.07%↓,2014
0,1,珠海,9,12424元/O,广东,1.22%↓,2014
0,1,珠海,8,12577元/O,广东,2.74%↓,2014
0,1,珠海,7,12931元/O,广东,1.54%↓,2014
0,1,珠海,6,13133元/O,广东,1.76%↑,2014
0,1,珠海,5,12906元/O,广东,5.73%↑,2014
0,1,珠海,4,12207元/O,广东,1.67%↑,2014
0,1,珠海,3,12006元/O,广东,1.06%↑,2014
0,1,珠海,2,11880元/O,广东,2.1%↑,2014
0,1,珠海,1,11636元/O,广东,2.38%↑,2014
0,1,珠海,12,11365元/O,广东,3.07%↑,2013
0,1,珠海,11,11026元/O,广东,2.08%↑,2013
0,1,珠海,10,10801元/O,广东,1.14%↑,2013
0,1,珠海,9,10679元/O,广东,1.1%↑,2013
0,1,珠海,8,10563元/O,广东,2.6%↑,2013
0,1,珠海,7,10295元/O,广东,2.5%↑,2013
0,1,珠海,6,10044元/O,广东,0.44%↑,2013
0,1,珠海,5,10000元/O,广东,0.74%↑,2013
0,1,珠海,4,9927元/O,广东,3.35%↑,2013
0,1,珠海,3,9605元/O,广东,2.6%↑,2013
0,1,珠海,2,9362元/O,广东,0.61%↓,2013
0,1,珠海,1,9419元/O,广东,0.38%↓,2013
0,1,东莞,4,15636元/O,广东,0.39%↑,2019
0,1,东莞,3,15575元/O,广东,0.94%↑,2019
0,1,东莞,2,15431元/O,广东,2.62%↑,2019
0,1,东莞,1,15038元/O,广东,1.52%↑,2019
0,1,东莞,12,14813元/O,广东,0.95%↓,2018
0,1,东莞,11,14956元/O,广东,0.35%↓,2018
0,1,东莞,10,15010元/O,广东,0.12%↓,2018
0,1,东莞,9,15028元/O,广东,0.05%↑,2018
0,1,东莞,8,15021元/O,广东,1.44%↓,2018
0,1,东莞,7,15241元/O,广东,1.85%↑,2018
0,1,东莞,6,14964元/O,广东,2.85%↑,2018
0,1,东莞,5,14550元/O,广东,--,2018
0,1,东莞,4,14333元/O,广东,1.5%↑,2018
0,1,东莞,3,14122元/O,广东,0.03%↑,2018
0,1,东莞,2,14180元/O,广东,1.67%↑,2018
0,1,东莞,1,13947元/O,广东,0.25%↑,2018
0,1,东莞,12,13913元/O,广东,0.01%↑,2017
0,1,东莞,11,13763元/O,广东,4.71%↑,2017
0,1,东莞,10,13145元/O,广东,0.14%↑,2017
0,1,东莞,9,13053元/O,广东,0.72%↑,2017
0,1,东莞,8,12961元/O,广东,0.25%↑,2017
0,1,东莞,7,12929元/O,广东,--,2017
0,1,东莞,6,13013元/O,广东,5.88%↑,2017
0,1,东莞,5,12290元/O,广东,0.07%↑,2017
0,1,东莞,4,12032元/O,广东,3.35%↑,2017
0,1,东莞,3,11642元/O,广东,0.64%↑,2017
0,1,东莞,2,11733元/O,广东,0.34%↓,2017
0,1,东莞,1,11774元/O,广东,1.06%↑,2017
0,1,东莞,12,11651元/O,广东,5.06%↑,2016
0,1,东莞,11,11091元/O,广东,0.49%↓,2016
0,1,东莞,10,11146元/O,广东,9.32%↑,2016
0,1,东莞,9,10196元/O,广东,3.7%↑,2016
0,1,东莞,8,9833元/O,广东,3.14%↑,2016
0,1,东莞,7,9534元/O,广东,0.41%↑,2016
0,1,东莞,6,9495元/O,广东,4.91%↓,2016
0,1,东莞,5,9985元/O,广东,0.63%↓,2016
0,1,东莞,4,10048元/O,广东,4.26%↑,2016
0,1,东莞,3,9638元/O,广东,8.99%↑,2016
0,1,东莞,2,8844元/O,广东,4.05%↑,2016
0,1,东莞,1,8500元/O,广东,1.55%↑,2016
0,1,东莞,12,8371元/O,广东,--,2015
0,1,东莞,11,8411元/O,广东,2%↓,2015
0,1,东莞,10,8542元/O,广东,3%↓,2015
0,1,东莞,9,8775元/O,广东,1%↓,2015
0,1,东莞,8,8863元/O,广东,--,2015
0,1,东莞,7,8849元/O,广东,--,2015
0,1,东莞,6,8811元/O,广东,1%↑,2015
0,1,东莞,5,8688元/O,广东,1%↑,2015
0,1,东莞,4,8603元/O,广东,--,2015
0,1,东莞,3,8626元/O,广东,2%↑,2015
0,1,东莞,2,8425元/O,广东,5%↑,2015
0,1,东莞,1,8045元/O,广东,2%↑,2015
0,1,东莞,12,7926元/O,广东,0.8%↑,2014
0,1,东莞,11,7863元/O,广东,1.23%↓,2014
0,1,东莞,10,7961元/O,广东,0.09%↑,2014
0,1,东莞,9,7954元/O,广东,4.15%↓,2014
0,1,东莞,8,8298元/O,广东,1.03%↓,2014
0,1,东莞,7,8384元/O,广东,0.34%↓,2014
0,1,东莞,6,8413元/O,广东,1.43%↑,2014
0,1,东莞,5,8294元/O,广东,4.78%↑,2014
0,1,东莞,4,7916元/O,广东,1.63%↑,2014
0,1,东莞,3,7789元/O,广东,1.68%↓,2014
0,1,东莞,2,7922元/O,广东,3.06%↑,2014
0,1,东莞,1,7687元/O,广东,1%↑,2014
0,1,东莞,12,7611元/O,广东,1.28%↑,2013
0,1,东莞,11,7515元/O,广东,--,2013
0,1,东莞,10,7515元/O,广东,0.94%↑,2013
0,1,东莞,9,7445元/O,广东,0.26%↑,2013
0,1,东莞,8,7426元/O,广东,1.97%↓,2013
0,1,东莞,7,7575元/O,广东,2.05%↑,2013
0,1,东莞,6,7423元/O,广东,0.83%↑,2013
0,1,东莞,5,7362元/O,广东,1.67%↑,2013
0,1,东莞,4,7241元/O,广东,2.42%↑,2013
0,1,东莞,3,7070元/O,广东,2.01%↑,2013
0,1,东莞,2,6931元/O,广东,1.6%↑,2013
0,1,东莞,1,6822元/O,广东,1.35%↑,2013
0,1,佛山,4,11482元/O,广东,1.15%↑,2019
0,1,佛山,3,11352元/O,广东,1.29%↑,2019
0,1,佛山,2,11208元/O,广东,1.41%↑,2019
0,1,佛山,1,11053元/O,广东,1.33%↑,2019
0,1,佛山,12,10908元/O,广东,1.19%↑,2018
0,1,佛山,11,10780元/O,广东,1.22%↑,2018
0,1,佛山,10,10650元/O,广东,1.35%↑,2018
0,1,佛山,9,10509元/O,广东,1.29%↑,2018
0,1,佛山,8,10375元/O,广东,0.71%↑,2018
0,1,佛山,7,10302元/O,广东,1.04%↑,2018
0,1,佛山,6,10197元/O,广东,0.21%↑,2018
0,1,佛山,5,10176元/O,广东,--,2018
0,1,佛山,4,10251元/O,广东,0.09%↑,2018
0,1,佛山,3,10242元/O,广东,0.01%↑,2018
0,1,佛山,2,10174元/O,广东,0.37%↓,2018
0,1,佛山,1,10212元/O,广东,0.16%↓,2018
0,1,佛山,12,10229元/O,广东,0.01%↑,2017
0,1,佛山,11,10231元/O,广东,0.39%↑,2017
0,1,佛山,10,10192元/O,广东,0.01%↑,2017
0,1,佛山,9,10057元/O,广东,0.57%↑,2017
0,1,佛山,8,10000元/O,广东,--,2017
0,1,佛山,7,10000元/O,广东,0.01%↑,2017
0,1,佛山,6,9867元/O,广东,5.28%↑,2017
0,1,佛山,5,9372元/O,广东,0.11%↑,2017
0,1,佛山,4,8794元/O,广东,10.45%↑,2017
0,1,佛山,3,7962元/O,广东,1.12%↑,2017
0,1,佛山,2,7458元/O,广东,1.72%↑,2017
0,1,佛山,1,7333元/O,广东,2.41%↑,2017
0,1,佛山,12,7161元/O,广东,2.54%↑,2016
0,1,佛山,11,6984元/O,广东,5.48%↑,2016
0,1,佛山,10,6622元/O,广东,2.95%↑,2016
0,1,佛山,9,6433元/O,广东,1.5%↑,2016
0,1,佛山,8,6338元/O,广东,1.11%↓,2016
0,1,佛山,7,6410元/O,广东,1.2%↓,2016
0,1,佛山,6,6488元/O,广东,3.58%↑,2016
0,1,佛山,5,6264元/O,广东,0.6%↑,2016
0,1,佛山,4,6227元/O,广东,1.2%↑,2016
0,1,佛山,3,6154元/O,广东,1.43%↑,2016
0,1,佛山,2,6068元/O,广东,0.23%↓,2016
0,1,佛山,1,6082元/O,广东,4.17%↓,2016
0,1,佛山,12,6082元/O,广东,1%↓,2015
0,1,佛山,11,6117元/O,广东,--,2015
0,1,佛山,10,6113元/O,广东,1%↓,2015
0,1,佛山,9,6180元/O,广东,--,2015
0,1,佛山,8,6180元/O,广东,--,2015
0,1,佛山,7,6153元/O,广东,--,2015
0,1,佛山,6,6158元/O,广东,2%↑,2015
0,1,佛山,5,6066元/O,广东,2%↑,2015
0,1,佛山,4,5940元/O,广东,1%↑,2015
0,1,佛山,3,5858元/O,广东,1%↑,2015
0,1,佛山,2,5791元/O,广东,--,2015
0,1,佛山,1,5802元/O,广东,--,2015
0,1,佛山,12,6075元/O,广东,1.17%↓,2014
0,1,佛山,11,6147元/O,广东,0.69%↓,2014
0,1,佛山,10,6190元/O,广东,0.72%↑,2014
0,1,佛山,9,6146元/O,广东,0.63%↓,2014
0,1,佛山,8,6185元/O,广东,0.5%↓,2014
0,1,佛山,7,6216元/O,广东,1.47%↓,2014
0,1,佛山,6,6309元/O,广东,0.72%↓,2014
0,1,佛山,5,6355元/O,广东,0.36%↓,2014
0,1,佛山,4,6378元/O,广东,0.28%↑,2014
0,1,佛山,3,6360元/O,广东,0.46%↑,2014
0,1,佛山,2,6331元/O,广东,0.44%↑,2014
0,1,佛山,1,6303元/O,广东,0.38%↑,2014
0,1,佛山,12,6279元/O,广东,0.46%↑,2013
0,1,佛山,11,6250元/O,广东,0.27%↓,2013
0,1,佛山,10,6267元/O,广东,0.49%↓,2013
0,1,佛山,9,6298元/O,广东,0.38%↑,2013
0,1,佛山,8,6274元/O,广东,0.29%↑,2013
0,1,佛山,7,6256元/O,广东,0.42%↑,2013
0,1,佛山,6,6230元/O,广东,0.19%↓,2013
0,1,佛山,5,6242元/O,广东,0.4%↑,2013
0,1,佛山,4,6217元/O,广东,2.24%↑,2013
0,1,佛山,3,6081元/O,广东,0.81%↑,2013
0,1,佛山,2,6032元/O,广东,0.02%↓,2013
0,1,佛山,1,6033元/O,广东,0.5%↑,2013
0,1,中山,4,11253元/O,广东,0.28%↓,2019
0,1,中山,3,11285元/O,广东,1.18%↓,2019
0,1,中山,2,11421元/O,广东,0.7%↓,2019
0,1,中山,1,11502元/O,广东,2.09%↓,2019
0,1,中山,12,11747元/O,广东,2.25%↓,2018
0,1,中山,11,12018元/O,广东,1.41%↓,2018
0,1,中山,10,12191元/O,广东,0.69%↓,2018
0,1,中山,9,12276元/O,广东,0.71%↓,2018
0,1,中山,8,12365元/O,广东,2.2%↑,2018
0,1,中山,7,12100元/O,广东,0.56%↑,2018
0,1,中山,6,12033元/O,广东,0.65%↑,2018
0,1,中山,5,11956元/O,广东,--,2018
0,1,中山,4,11885元/O,广东,0.65%↑,2018
0,1,中山,3,11809元/O,广东,--,2018
0,1,中山,2,11439元/O,广东,0.12%↑,2018
0,1,中山,1,11426元/O,广东,1.42%↑,2018
0,1,中山,12,11266元/O,广东,0.04%↑,2017
0,1,中山,11,11185元/O,广东,2.19%↑,2017
0,1,中山,10,10946元/O,广东,0.06%↑,2017
0,1,中山,9,10789元/O,广东,0.06%↑,2017
0,1,中山,8,10782元/O,广东,0.57%↓,2017
0,1,中山,7,10845元/O,广东,--,2017
0,1,中山,6,10822元/O,广东,1.94%↑,2017
0,1,中山,5,10617元/O,广东,0.04%↑,2017
0,1,中山,4,10277元/O,广东,10.81%↑,2017
0,1,中山,3,9275元/O,广东,1.62%↑,2017
0,1,中山,2,8783元/O,广东,3.75%↑,2017
0,1,中山,1,8466元/O,广东,3.91%↑,2017
0,1,中山,12,8148元/O,广东,5.25%↑,2016
0,1,中山,11,7742元/O,广东,3.56%↓,2016
0,1,中山,10,8028元/O,广东,9.78%↑,2016
0,1,中山,9,7313元/O,广东,3.34%↑,2016
0,1,中山,8,7077元/O,广东,0.96%↓,2016
0,1,中山,7,7146元/O,广东,0.84%↓,2016
0,1,中山,6,7207元/O,广东,0.98%↓,2016
0,1,中山,5,7279元/O,广东,5.86%↑,2016
0,1,中山,4,6877元/O,广东,7.02%↑,2016
0,1,中山,3,6426元/O,广东,8.25%↑,2016
0,1,中山,2,5937元/O,广东,0.21%↑,2016
0,1,中山,1,5925元/O,广东,2.47%↓,2016
0,1,中山,12,5925元/O,广东,2%↑,2015
0,1,中山,11,5791元/O,广东,2%↑,2015
0,1,中山,10,5703元/O,广东,--,2015
0,1,中山,9,5701元/O,广东,1%↓,2015
0,1,中山,8,5759元/O,广东,3%↓,2015
0,1,中山,7,5959元/O,广东,3%↑,2015
0,1,中山,6,5788元/O,广东,3%↓,2015
0,1,中山,5,5967元/O,广东,3%↑,2015
0,1,中山,4,5777元/O,广东,2%↑,2015
0,1,中山,3,5688元/O,广东,11%↓,2015
0,1,中山,2,6366元/O,广东,1%↑,2015
0,1,中山,1,6285元/O,广东,--,2015
0,1,中山,12,6447元/O,广东,4.81%↑,2014
0,1,中山,11,6151元/O,广东,6.92%↑,2014
0,1,中山,10,5753元/O,广东,2.09%↑,2014
0,1,中山,9,5635元/O,广东,0.45%↑,2014
0,1,中山,8,5610元/O,广东,12.33%↓,2014
0,1,中山,7,6399元/O,广东,3.19%↓,2014
0,1,中山,6,6610元/O,广东,17.55%↑,2014
0,1,中山,5,5623元/O,广东,4.71%↑,2014
0,1,中山,4,5370元/O,广东,1.01%↓,2014
0,1,中山,3,5425元/O,广东,1.23%↑,2014
0,1,中山,2,5359元/O,广东,1.34%↑,2014
0,1,中山,1,5288元/O,广东,0.9%↑,2014
0,1,中山,12,5241元/O,广东,0.48%↑,2013
0,1,中山,11,5216元/O,广东,0.54%↑,2013
0,1,中山,10,5188元/O,广东,1.14%↓,2013
0,1,中山,9,5248元/O,广东,0.27%↑,2013
0,1,中山,8,5234元/O,广东,0.77%↑,2013
0,1,中山,7,5194元/O,广东,1.58%↑,2013
0,1,中山,6,5113元/O,广东,1.93%↑,2013
0,1,中山,5,5016元/O,广东,0.81%↓,2013
0,1,中山,4,5057元/O,广东,0.98%↓,2013
0,1,中山,3,5107元/O,广东,1.81%↑,2013
0,1,中山,2,5016元/O,广东,1.77%↑,2013
0,1,中山,1,4929元/O,广东,0.9%↑,2013
0,1,惠州,4,10020元/O,广东,0.82%↓,2019
0,1,惠州,3,10104元/O,广东,0.43%↓,2019
0,1,惠州,2,10148元/O,广东,1.41%↑,2019
0,1,惠州,1,10007元/O,广东,0.05%↓,2019
0,1,惠州,12,10013元/O,广东,1.27%↓,2018
0,1,惠州,11,10142元/O,广东,0.92%↓,2018
0,1,惠州,10,10237元/O,广东,0.54%↓,2018
0,1,惠州,9,10293元/O,广东,0.63%↓,2018
0,1,惠州,8,10358元/O,广东,0.16%↓,2018
0,1,惠州,7,10375元/O,广东,0.24%↑,2018
0,1,惠州,6,10350元/O,广东,1.95%↑,2018
0,1,惠州,5,10152元/O,广东,--,2018
0,1,惠州,4,10225元/O,广东,0.45%↓,2018
0,1,惠州,3,10271元/O,广东,--,2018
0,1,惠州,2,10304元/O,广东,0.36%↑,2018
0,1,惠州,1,10267元/O,广东,0.39%↑,2018
0,1,惠州,12,10227元/O,广东,0.03%↑,2017
0,1,惠州,11,10201元/O,广东,2.14%↑,2017
0,1,惠州,10,9988元/O,广东,0.07%↑,2017
0,1,惠州,9,9976元/O,广东,1.45%↑,2017
0,1,惠州,8,9834元/O,广东,0.9%↑,2017
0,1,惠州,7,9747元/O,广东,0.01%↑,2017
0,1,惠州,6,9589元/O,广东,5.26%↑,2017
0,1,惠州,5,9110元/O,广东,0.07%↑,2017
0,1,惠州,4,8929元/O,广东,2.64%↑,2017
0,1,惠州,3,8700元/O,广东,0.41%↑,2017
0,1,惠州,2,8457元/O,广东,0.22%↑,2017
0,1,惠州,1,8439元/O,广东,3.12%↑,2017
0,1,惠州,12,8184元/O,广东,0.95%↑,2016
0,1,惠州,11,8107元/O,广东,1.09%↓,2016
0,1,惠州,10,8197元/O,广东,5.57%↑,2016
0,1,惠州,9,7765元/O,广东,1.14%↑,2016
0,1,惠州,8,7678元/O,广东,1.11%↑,2016
0,1,惠州,7,7594元/O,广东,0.36%↑,2016
0,1,惠州,6,7567元/O,广东,4.85%↓,2016
0,1,惠州,5,7953元/O,广东,0.63%↑,2016
0,1,惠州,4,7903元/O,广东,7.35%↑,2016
0,1,惠州,3,7362元/O,广东,14.58%↑,2016
0,1,惠州,2,6426元/O,广东,4.92%↑,2016
0,1,惠州,1,6125元/O,广东,3.36%↓,2016
0,1,惠州,12,6125元/O,广东,2%↑,2015
0,1,惠州,11,6022元/O,广东,--,2015
0,1,惠州,10,6027元/O,广东,--,2015
0,1,惠州,9,6000元/O,广东,2%↓,2015
0,1,惠州,8,6112元/O,广东,1%↑,2015
0,1,惠州,7,6025元/O,广东,2%↑,2015
0,1,惠州,6,5885元/O,广东,3%↑,2015
0,1,惠州,5,5715元/O,广东,4%↑,2015
0,1,惠州,4,5517元/O,广东,5%↑,2015
0,1,惠州,3,5269元/O,广东,1%↑,2015
0,1,惠州,2,5211元/O,广东,2%↓,2015
0,1,惠州,1,5332元/O,广东,1%↓,2015
0,1,惠州,12,5585元/O,广东,3.71%↑,2014
0,1,惠州,11,5385元/O,广东,4.49%↓,2014
0,1,惠州,10,5638元/O,广东,4.28%↓,2014
0,1,惠州,9,5890元/O,广东,4.29%↓,2014
0,1,惠州,8,6154元/O,广东,5.88%↑,2014
0,1,惠州,7,5812元/O,广东,0.33%↑,2014
0,1,惠州,6,5793元/O,广东,0.75%↑,2014
0,1,惠州,5,5750元/O,广东,1.09%↑,2014
0,1,惠州,4,5688元/O,广东,0.53%↑,2014
0,1,惠州,3,5658元/O,广东,4.06%↑,2014
0,1,惠州,2,5437元/O,广东,0.37%↓,2014
0,1,惠州,1,5457元/O,广东,0.42%↓,2014
0,1,惠州,12,5480元/O,广东,2%↓,2013
0,1,惠州,11,5592元/O,广东,2.68%↓,2013
0,1,惠州,10,5746元/O,广东,1.23%↑,2013
0,1,惠州,9,5676元/O,广东,0.37%↓,2013
0,1,惠州,8,5697元/O,广东,1.23%↓,2013
0,1,惠州,7,5768元/O,广东,0.62%↓,2013
0,1,惠州,6,5804元/O,广东,1.52%↑,2013
0,1,惠州,5,5717元/O,广东,5.52%↑,2013
0,1,惠州,4,5418元/O,广东,2.17%↓,2013
0,1,惠州,3,5538元/O,广东,4.8%↓,2013
0,1,惠州,2,5817元/O,广东,1.84%↓,2013
0,1,惠州,1,5926元/O,广东,4%↑,2013
0,1,汕头,4,9010元/O,广东,0.63%↓,2019
0,1,汕头,3,9067元/O,广东,0.77%↑,2019
0,1,汕头,2,8998元/O,广东,1.27%↑,2019
0,1,汕头,1,8886元/O,广东,1.56%↑,2019
0,1,汕头,12,8750元/O,广东,0.73%↓,2018
0,1,汕头,11,8815元/O,广东,0.2%↑,2018
0,1,汕头,10,8798元/O,广东,1.89%↓,2018
0,1,汕头,9,8968元/O,广东,0.65%↓,2018
0,1,汕头,8,9027元/O,广东,0.38%↓,2018
0,1,汕头,7,9062元/O,广东,0.51%↑,2018
0,1,汕头,6,9017元/O,广东,1.48%↑,2018
0,1,汕头,5,8886元/O,广东,--,2018
0,1,汕头,4,8753元/O,广东,2.2%↑,2018
0,1,汕头,3,8565元/O,广东,0.02%↑,2018
0,1,汕头,2,8360元/O,广东,0.06%↓,2018
0,1,汕头,1,8365元/O,广东,0.32%↑,2018
0,1,汕头,12,8339元/O,广东,0.03%↑,2017
0,1,汕头,11,8431元/O,广东,5.39%↑,2017
0,1,汕头,10,8000元/O,广东,0.01%↑,2017
0,1,汕头,9,8077元/O,广东,0.92%↓,2017
0,1,汕头,8,8153元/O,广东,13.61%↓,2017
0,1,汕头,7,9438元/O,广东,0.33%↓,2017
0,1,汕头,6,9959元/O,广东,12.83%↑,2017
0,1,汕头,5,8827元/O,广东,0.11%↑,2017
0,1,汕头,4,8559元/O,广东,1.35%↑,2017
0,1,汕头,3,8445元/O,广东,0.05%↓,2017
0,1,汕头,2,8589元/O,广东,5.3%↑,2017
0,1,汕头,1,8157元/O,广东,7.39%↑,2017
0,1,汕头,12,7596元/O,广东,0.34%↓,2016
0,1,汕头,11,7623元/O,广东,0.11%↓,2016
0,1,汕头,10,7632元/O,广东,1.16%↓,2016
0,1,汕头,9,7722元/O,广东,1.19%↑,2016
0,1,汕头,8,7632元/O,广东,0.26%↓,2016
0,1,汕头,7,7653元/O,广东,0.02%↑,2016
0,1,汕头,6,7652元/O,广东,0.69%↑,2016
0,1,汕头,5,7600元/O,广东,0.98%↓,2016
0,1,汕头,4,7676元/O,广东,0.38%↑,2016
0,1,汕头,3,7647元/O,广东,2.12%↑,2016
0,1,汕头,2,7489元/O,广东,0.15%↑,2016
0,1,汕头,1,7479元/O,广东,49.93%↓,2016
0,1,汕头,12,7479元/O,广东,--,2015
0,1,汕头,11,3916元/O,广东,3%↓,2015
0,1,汕头,10,6151元/O,广东,22%↑,2015
0,1,汕头,9,5055元/O,广东,3%↑,2015
0,1,汕头,8,4897元/O,广东,--,2015
0,1,汕头,7,3863元/O,广东,1%↓,2015
0,1,汕头,6,3883元/O,广东,--,2015
0,1,汕头,5,3884元/O,广东,4%↑,2015
0,1,汕头,4,3750元/O,广东,--,2015
0,1,顺德,4,8888元/O,广东,--,2019
0,1,顺德,3,8888元/O,广东,--,2019
0,1,顺德,2,8888元/O,广东,--,2019
0,1,顺德,1,8888元/O,广东,--,2019
0,1,顺德,12,8888元/O,广东,--,2018
0,1,顺德,11,8888元/O,广东,--,2018
0,1,顺德,10,8888元/O,广东,--,2018
0,1,顺德,9,8888元/O,广东,3.29%↑,2018
0,1,顺德,8,8605元/O,广东,--,2018
0,1,顺德,7,10909元/O,广东,--,2018
0,1,顺德,6,10909元/O,广东,--,2018
0,1,顺德,5,10909元/O,广东,--,2018
0,1,顺德,4,10909元/O,广东,--,2018
0,1,顺德,3,10909元/O,广东,--,2018
0,1,顺德,2,10909元/O,广东,--,2018
0,1,顺德,1,10909元/O,广东,--,2018
0,1,顺德,12,10909元/O,广东,--,2017
0,1,顺德,11,10909元/O,广东,--,2017
0,1,顺德,10,10909元/O,广东,--,2017
0,1,顺德,9,10909元/O,广东,--,2017
0,1,顺德,8,13477元/O,广东,--,2017
0,1,顺德,7,11624元/O,广东,--,2017
0,1,顺德,6,6456元/O,广东,--,2017
0,1,顺德,5,6261元/O,广东,--,2017
0,1,顺德,4,6261元/O,广东,--,2017
0,1,顺德,3,6261元/O,广东,--,2017
0,1,顺德,2,6261元/O,广东,--,2017
0,1,顺德,1,6261元/O,广东,--,2017
0,1,顺德,12,6261元/O,广东,--,2016
0,1,顺德,11,1252元/O,广东,--,2016
0,1,顺德,10,2625元/O,广东,--,2016
0,1,顺德,8,6261元/O,广东,--,2016
0,1,顺德,9,8773元/O,广东,--,2015
0,1,潮州,4,8030元/O,广东,1.43%↓,2019
0,1,潮州,3,8147元/O,广东,1.76%↓,2019
0,1,潮州,2,8294元/O,广东,1.71%↓,2019
0,1,潮州,1,8439元/O,广东,1.79%↓,2019
0,1,潮州,12,8593元/O,广东,1.54%↓,2018
0,1,潮州,11,8728元/O,广东,1.48%↓,2018
0,1,潮州,10,8859元/O,广东,2.91%↓,2018
0,1,潮州,9,9125元/O,广东,2.25%↑,2018
0,1,潮州,8,8925元/O,广东,5.06%↑,2018
0,1,潮州,7,8495元/O,广东,0.93%↑,2018
0,1,潮州,6,8417元/O,广东,5.28%↑,2018
0,1,潮州,5,7995元/O,广东,--,2018
0,1,潮州,4,7233元/O,广东,4.24%↑,2018
0,1,潮州,3,6939元/O,广东,0.14%↑,2018
0,1,潮州,2,7196元/O,广东,1.06%↑,2018
0,1,潮州,1,7121元/O,广东,11.86%↑,2018
0,1,潮州,12,6366元/O,广东,0.15%↑,2017
0,1,潮州,11,6984元/O,广东,6.85%↑,2017
0,1,潮州,10,6537元/O,广东,0.4%↑,2017
0,1,潮州,9,5788元/O,广东,12.63%↓,2017
0,1,潮州,8,6625元/O,广东,7.99%↑,2017
0,1,潮州,7,6135元/O,广东,0.33%↑,2017
0,1,潮州,6,4798元/O,广东,--,2017
0,1,潮州,11,--,广东,--,2016
0,1,潮州,10,--,广东,--,2016
0,1,肇庆,4,7197元/O,广东,0.76%↓,2019
0,1,肇庆,3,7253元/O,广东,1.19%↑,2019
0,1,肇庆,2,7168元/O,广东,0.36%↑,2019
0,1,肇庆,1,7143元/O,广东,1.67%↓,2019
0,1,肇庆,12,7265元/O,广东,1.48%↓,2018
0,1,肇庆,11,7374元/O,广东,0.87%↓,2018
0,1,肇庆,10,7439元/O,广东,0.92%↓,2018
0,1,肇庆,9,7509元/O,广东,2.16%↓,2018
0,1,肇庆,8,7675元/O,广东,0.27%↑,2018
0,1,肇庆,7,7655元/O,广东,1.04%↑,2018
0,1,肇庆,6,7577元/O,广东,1.92%↑,2018
0,1,肇庆,5,7435元/O,广东,--,2018
0,1,肇庆,4,7379元/O,广东,1.13%↑,2018
0,1,肇庆,3,7297元/O,广东,0.05%↑,2018
0,1,肇庆,2,7261元/O,广东,1.59%↑,2018
0,1,肇庆,1,7148元/O,广东,2.66%↑,2018
0,1,肇庆,12,6964元/O,广东,0.07%↑,2017
0,1,肇庆,11,6909元/O,广东,0.65%↑,2017
0,1,肇庆,10,6865元/O,广东,--,2017
0,1,肇庆,9,6804元/O,广东,1.87%↓,2017
0,1,肇庆,8,6934元/O,广东,0.12%↓,2017
0,1,肇庆,7,6943元/O,广东,0.03%↑,2017
0,1,肇庆,6,6835元/O,广东,0.77%↓,2017
0,1,肇庆,5,6888元/O,广东,0.14%↓,2017
0,1,肇庆,4,7008元/O,广东,24.17%↑,2017
0,1,肇庆,3,5644元/O,广东,0.68%↑,2017
0,1,肇庆,2,4961元/O,广东,5.32%↓,2017
0,1,肇庆,1,5240元/O,广东,4.31%↓,2017
0,1,肇庆,12,5477元/O,广东,7.09%↓,2016
0,1,肇庆,11,5896元/O,广东,2.49%↓,2016
0,1,肇庆,10,6047元/O,广东,4.97%↓,2016
0,1,肇庆,9,6364元/O,广东,7.19%↑,2016
0,1,肇庆,8,5937元/O,广东,4.4%↑,2016
0,1,肇庆,7,5687元/O,广东,3.99%↑,2016
0,1,肇庆,6,5469元/O,广东,3.33%↑,2016
0,1,肇庆,5,5293元/O,广东,3.29%↓,2016
0,1,肇庆,4,5474元/O,广东,9.3%↓,2016
0,1,肇庆,3,6036元/O,广东,17.6%↑,2016
0,1,肇庆,2,5133元/O,广东,7.3%↓,2016
0,1,肇庆,1,5537元/O,广东,14.89%↓,2016
0,1,肇庆,12,5537元/O,广东,2%↑,2015
0,1,肇庆,11,5419元/O,广东,3%↑,2015
0,1,肇庆,10,5266元/O,广东,5%↓,2015
0,1,肇庆,9,5526元/O,广东,4%↓,2015
0,1,肇庆,8,5772元/O,广东,1%↑,2015
0,1,肇庆,7,5739元/O,广东,--,2015
0,1,肇庆,6,4869元/O,广东,1%↑,2015
0,1,肇庆,5,4843元/O,广东,--,2015
0,1,肇庆,4,4827元/O,广东,--,2015
0,1,茂名,4,7154元/O,广东,0.25%↓,2019
0,1,茂名,3,7173元/O,广东,0.15%↑,2019
0,1,茂名,2,7163元/O,广东,0.75%↑,2019
0,1,茂名,1,7110元/O,广东,1.17%↓,2019
0,1,茂名,12,7195元/O,广东,1.97%↓,2018
0,1,茂名,11,7340元/O,广东,0.36%↓,2018
0,1,茂名,10,7367元/O,广东,0.6%↓,2018
0,1,茂名,9,7412元/O,广东,0.08%↓,2018
0,1,茂名,8,7418元/O,广东,0.39%↑,2018
0,1,茂名,7,7390元/O,广东,0.62%↓,2018
0,1,茂名,6,7437元/O,广东,0.72%↓,2018
0,1,茂名,5,7491元/O,广东,--,2018
0,1,茂名,4,7577元/O,广东,0.61%↑,2018
0,1,茂名,3,7532元/O,广东,0.01%↑,2018
0,1,茂名,2,7499元/O,广东,1.23%↑,2018
0,1,茂名,1,7408元/O,广东,1.55%↑,2018
0,1,茂名,12,7295元/O,广东,0.02%↓,2017
0,1,茂名,11,7333元/O,广东,2.6%↑,2017
0,1,茂名,10,7147元/O,广东,0.05%↑,2017
0,1,茂名,9,6923元/O,广东,3.53%↑,2017
0,1,茂名,8,6688元/O,广东,0.69%↓,2017
0,1,茂名,7,6735元/O,广东,0.03%↓,2017
0,1,茂名,6,6765元/O,广东,2.16%↑,2017
0,1,茂名,5,6623元/O,广东,0.02%↑,2017
0,1,茂名,4,6346元/O,广东,4.01%↑,2017
0,1,茂名,3,6102元/O,广东,0.75%↑,2017
0,1,茂名,2,6075元/O,广东,3.05%↑,2017
0,1,茂名,1,5895元/O,广东,0.23%↓,2017
0,1,茂名,12,5909元/O,广东,0.19%↑,2016
0,1,茂名,11,5898元/O,广东,1.27%↑,2016
0,1,茂名,10,5825元/O,广东,0.42%↓,2016
0,1,茂名,9,5850元/O,广东,0.51%↓,2016
0,1,茂名,8,5881元/O,广东,0.14%↓,2016
0,1,茂名,7,5890元/O,广东,1.31%↑,2016
0,1,茂名,6,5814元/O,广东,3.66%↑,2016
0,1,茂名,5,5609元/O,广东,2.3%↓,2016
0,1,茂名,4,5742元/O,广东,4.22%↑,2016
0,1,茂名,3,5510元/O,广东,1.4%↓,2016
0,1,茂名,2,5589元/O,广东,0.07%↑,2016
0,1,茂名,1,5585元/O,广东,4.16%↓,2016
0,1,茂名,12,5585元/O,广东,--,2015
0,1,茂名,11,5592元/O,广东,4%↓,2015
0,1,茂名,10,5801元/O,广东,2%↑,2015
0,1,茂名,9,5707元/O,广东,2%↓,2015
0,1,茂名,8,5794元/O,广东,9%↑,2015
0,1,茂名,7,5339元/O,广东,1%↑,2015
0,1,茂名,6,5286元/O,广东,1%↓,2015
0,1,茂名,5,5339元/O,广东,2%↑,2015
0,1,茂名,4,5224元/O,广东,--,2015
0,1,江门,4,7149元/O,广东,0.21%↑,2019
0,1,江门,3,7135元/O,广东,0.19%↓,2019
0,1,江门,2,7149元/O,广东,0.33%↑,2019
0,1,江门,1,7126元/O,广东,0.19%↓,2019
0,1,江门,12,7140元/O,广东,1.2%↓,2018
0,1,江门,11,7227元/O,广东,0.36%↓,2018
0,1,江门,10,7254元/O,广东,1.23%↓,2018
0,1,江门,9,7345元/O,广东,1.03%↓,2018
0,1,江门,8,7422元/O,广东,2.22%↑,2018
0,1,江门,7,7261元/O,广东,2.02%↑,2018
0,1,江门,6,7117元/O,广东,1.22%↑,2018
0,1,江门,5,7032元/O,广东,--,2018
0,1,江门,4,6938元/O,广东,1.9%↑,2018
0,1,江门,3,6809元/O,广东,0.03%↑,2018
0,1,江门,2,6757元/O,广东,0.33%↑,2018
0,1,江门,1,6736元/O,广东,0.71%↑,2018
0,1,江门,12,6689元/O,广东,0.01%↓,2017
0,1,江门,11,6677元/O,广东,1.42%↑,2017
0,1,江门,10,6584元/O,广东,0.02%↓,2017
0,1,江门,9,6573元/O,广东,1.56%↓,2017
0,1,江门,8,6678元/O,广东,0.26%↓,2017
0,1,江门,7,6696元/O,广东,0.04%↑,2017
0,1,江门,6,6470元/O,广东,4.57%↑,2017
0,1,江门,5,6188元/O,广东,0.04%↑,2017
0,1,江门,4,6101元/O,广东,0.96%↑,2017
0,1,江门,3,6043元/O,广东,0.3%↑,2017
0,1,江门,2,5989元/O,广东,3.18%↑,2017
0,1,江门,1,5805元/O,广东,5.81%↑,2017
0,1,江门,12,5487元/O,广东,1.98%↑,2016
0,1,江门,11,5381元/O,广东,2.93%↑,2016
0,1,江门,10,5228元/O,广东,1.03%↑,2016
0,1,江门,9,5175元/O,广东,1.8%↓,2016
0,1,江门,8,5270元/O,广东,0.68%↑,2016
0,1,江门,7,5235元/O,广东,0.54%↑,2016
0,1,江门,6,5207元/O,广东,2.91%↓,2016
0,1,江门,5,5364元/O,广东,2.3%↓,2016
0,1,江门,4,5491元/O,广东,0.26%↑,2016
0,1,江门,3,5477元/O,广东,7.08%↑,2016
0,1,江门,2,5115元/O,广东,1.44%↑,2016
0,1,江门,1,5043元/O,广东,21.81%↓,2016
0,1,江门,12,5043元/O,广东,37%↑,2015
0,1,江门,11,3673元/O,广东,11%↑,2015
0,1,江门,10,3309元/O,广东,6%↑,2015
0,1,江门,9,3132元/O,广东,8%↓,2015
0,1,江门,8,3409元/O,广东,9%↓,2015
0,1,江门,7,3755元/O,广东,17%↓,2015
0,1,江门,6,4538元/O,广东,11%↑,2015
0,1,江门,5,4081元/O,广东,8%↑,2015
0,1,江门,4,3795元/O,广东,7%↓,2015
0,1,江门,3,4071元/O,广东,--,2015
0,1,江门,7,5732元/O,广东,--,2014
0,1,清远,4,6978元/O,广东,1.42%↓,2019
0,1,清远,3,7079元/O,广东,0.09%↑,2019
0,1,清远,2,7073元/O,广东,0.46%↑,2019
0,1,清远,1,7041元/O,广东,1.1%↓,2019
0,1,清远,12,7119元/O,广东,0.48%↓,2018
0,1,清远,11,7154元/O,广东,2%↓,2018
0,1,清远,10,7301元/O,广东,0.71%↑,2018
0,1,清远,9,7250元/O,广东,1.52%↑,2018
0,1,清远,8,7142元/O,广东,3.66%↑,2018
0,1,清远,7,6890元/O,广东,0.03%↑,2018
0,1,清远,6,6889元/O,广东,0.64%↑,2018
0,1,清远,5,6846元/O,广东,--,2018
0,1,清远,4,6824元/O,广东,1.92%↓,2018
0,1,清远,3,6958元/O,广东,0.03%↓,2018
0,1,清远,2,6947元/O,广东,1.81%↑,2018
0,1,清远,1,6824元/O,广东,2.01%↑,2018
0,1,清远,12,6690元/O,广东,0.05%↑,2017
0,1,清远,11,6475元/O,广东,4.8%↑,2017
0,1,清远,10,6179元/O,广东,0.02%↑,2017
0,1,清远,9,6213元/O,广东,1.71%↓,2017
0,1,清远,8,6322元/O,广东,7.69%↓,2017
0,1,清远,7,6849元/O,广东,0.17%↓,2017
0,1,清远,6,7254元/O,广东,5.89%↑,2017
0,1,清远,5,6851元/O,广东,0.06%↑,2017
0,1,清远,4,6606元/O,广东,24.02%↑,2017
0,1,清远,3,5327元/O,广东,2.53%↑,2017
0,1,清远,2,4708元/O,广东,7.19%↑,2017
0,1,清远,1,4393元/O,广东,9.83%↑,2017
0,1,清远,12,4000元/O,广东,0.3%↓,2016
0,1,清远,11,4012元/O,广东,3.47%↑,2016
0,1,清远,10,3878元/O,广东,2.7%↓,2016
0,1,清远,9,3986元/O,广东,2.48%↓,2016
0,1,清远,8,4088元/O,广东,1.01%↓,2016
0,1,清远,7,4130元/O,广东,0.14%↓,2016
0,1,清远,6,4136元/O,广东,4.59%↑,2016
0,1,清远,5,3955元/O,广东,0.01%↓,2016
0,1,清远,4,3956元/O,广东,4.96%↓,2016
0,1,清远,3,4163元/O,广东,9.82%↑,2016
0,1,清远,2,3791元/O,广东,1.11%↓,2016
0,1,清远,1,3834元/O,广东,1.71%↓,2016
0,1,清远,12,3834元/O,广东,1%↓,2015
0,1,清远,11,3862元/O,广东,5%↓,2015
0,1,清远,10,4049元/O,广东,--,2015
0,1,清远,9,4049元/O,广东,5%↑,2015
0,1,清远,8,3847元/O,广东,5%↑,2015
0,1,清远,7,3650元/O,广东,--,2015
0,1,清远,6,3645元/O,广东,--,2015
0,1,清远,5,3643元/O,广东,3%↓,2015
0,1,清远,4,3763元/O,广东,--,2015
0,1,汕尾,4,6967元/O,广东,6.27%↑,2019
0,1,汕尾,3,6556元/O,广东,3.4%↑,2019
0,1,汕尾,2,6341元/O,广东,3.44%↓,2019
0,1,汕尾,1,6567元/O,广东,1.58%↓,2019
0,1,汕尾,12,6673元/O,广东,1.76%↓,2018
0,1,汕尾,11,6793元/O,广东,1.46%↓,2018
0,1,汕尾,10,6894元/O,广东,1.41%↓,2018
0,1,汕尾,9,6993元/O,广东,3.86%↓,2018
0,1,汕尾,8,7274元/O,广东,2.64%↑,2018
0,1,汕尾,7,7088元/O,广东,5.95%↑,2018
0,1,汕尾,6,6690元/O,广东,9.62%↓,2018
0,1,汕尾,5,7402元/O,广东,--,2018
0,1,汕尾,4,8253元/O,广东,1.3%↓,2018
0,1,汕尾,3,8362元/O,广东,0.4%↑,2018
0,1,汕尾,2,7877元/O,广东,7.16%↑,2018
0,1,汕尾,1,7351元/O,广东,2.68%↓,2018
0,1,汕尾,12,7554元/O,广东,0.09%↓,2017
0,1,汕尾,11,7220元/O,广东,7.08%↓,2017
0,1,汕尾,10,7770元/O,广东,0.17%↓,2017
0,1,汕尾,9,7274元/O,广东,12.5%↑,2017
0,1,汕尾,8,6466元/O,广东,11.42%↑,2017
0,1,汕尾,7,5804元/O,广东,0.14%↑,2017
0,1,汕尾,6,6352元/O,广东,22.66%↓,2017
0,1,汕尾,5,8214元/O,广东,--,2017
0,1,汕尾,4,4596元/O,广东,--,2017
0,1,汕尾,3,3523元/O,广东,--,2017
0,1,汕尾,2,3523元/O,广东,--,2017
0,1,汕尾,1,3523元/O,广东,--,2017
0,1,汕尾,12,4365元/O,广东,--,2016
0,1,汕尾,11,867元/O,广东,--,2016
0,1,汕尾,10,874元/O,广东,--,2016
0,1,汕尾,8,2086元/O,广东,--,2016
0,1,台山,4,6959元/O,广东,1.7%↑,2019
0,1,台山,3,6843元/O,广东,1.45%↑,2019
0,1,台山,2,6745元/O,广东,1.65%↑,2019
0,1,台山,1,6636元/O,广东,2.19%↑,2019
0,1,台山,12,6494元/O,广东,3.57%↑,2018
0,1,台山,11,6494元/O,广东,3.57%↑,2018
0,1,台山,10,6494元/O,广东,3.57%↑,2018
0,1,台山,9,6494元/O,广东,3.57%↑,2018
0,1,台山,8,6494元/O,广东,3.57%↑,2018
0,1,台山,7,6270元/O,广东,1.98%↑,2018
0,1,台山,6,6149元/O,广东,3.04%↑,2018
0,1,台山,5,5968元/O,广东,--,2018
0,1,台山,4,6476元/O,广东,0.91%↓,2018
0,1,台山,3,6536元/O,广东,0.03%↑,2018
0,1,台山,2,6294元/O,广东,2.29%↓,2018
0,1,台山,1,6442元/O,广东,0.02%↓,2018
0,1,台山,12,6444元/O,广东,0.18%↑,2017
0,1,湛江,4,6716元/O,广东,2.08%↓,2019
0,1,湛江,3,6859元/O,广东,1.7%↓,2019
0,1,湛江,2,6978元/O,广东,2.86%↑,2019
0,1,湛江,1,6785元/O,广东,0.23%↑,2019
0,1,湛江,12,6770元/O,广东,0.47%↓,2018
0,1,湛江,11,6803元/O,广东,2.93%↓,2018
0,1,湛江,10,7009元/O,广东,0.36%↑,2018
0,1,湛江,9,6984元/O,广东,0.35%↓,2018
0,1,湛江,8,7009元/O,广东,0.6%↓,2018
0,1,湛江,7,7051元/O,广东,0.7%↓,2018
0,1,湛江,6,7101元/O,广东,0.44%↑,2018
0,1,湛江,5,7071元/O,广东,--,2018
0,1,湛江,4,7109元/O,广东,1.1%↓,2018
0,1,湛江,3,7189元/O,广东,0.01%↑,2018
0,1,湛江,2,7178元/O,广东,1.97%↑,2018
0,1,湛江,1,7040元/O,广东,1.44%↑,2018
0,1,湛江,12,6940元/O,广东,0.04%↑,2017
0,1,湛江,11,6902元/O,广东,2.13%↑,2017
0,1,湛江,10,6758元/O,广东,0.01%↑,2017
0,1,湛江,9,6995元/O,广东,0.51%↑,2017
0,1,湛江,8,6960元/O,广东,1.69%↓,2017
0,1,湛江,7,7080元/O,广东,0.13%↓,2017
0,1,湛江,6,7292元/O,广东,3.91%↑,2017
0,1,湛江,5,7018元/O,广东,0.01%↓,2017
0,1,湛江,4,7096元/O,广东,0.82%↑,2017
0,1,湛江,3,7039元/O,广东,0.21%↑,2017
0,1,湛江,2,6987元/O,广东,1.21%↑,2017
0,1,湛江,1,6904元/O,广东,7.82%↑,2017
0,1,湛江,12,6404元/O,广东,0.17%↑,2016
0,1,湛江,11,6394元/O,广东,5.37%↑,2016
0,1,湛江,10,6069元/O,广东,2.47%↓,2016
0,1,湛江,9,6223元/O,广东,2.94%↓,2016
0,1,湛江,8,6412元/O,广东,0.84%↓,2016
0,1,湛江,7,6467元/O,广东,1.48%↑,2016
0,1,湛江,6,6373元/O,广东,1.55%↓,2016
0,1,湛江,5,6474元/O,广东,8.5%↑,2016
0,1,湛江,4,5967元/O,广东,1.73%↑,2016
0,1,湛江,3,5866元/O,广东,2.98%↑,2016
0,1,湛江,2,5697元/O,广东,1.25%↑,2016
0,1,湛江,1,5627元/O,广东,29.68%↓,2016
0,1,湛江,12,5627元/O,广东,5%↑,2015
0,1,湛江,11,5359元/O,广东,1%↓,2015
0,1,湛江,10,5439元/O,广东,7%↓,2015
0,1,湛江,9,5822元/O,广东,--,2015
0,1,湛江,8,5829元/O,广东,--,2015
0,1,湛江,7,4342元/O,广东,2%↑,2015
0,1,湛江,6,4268元/O,广东,1%↑,2015
0,1,湛江,5,4221元/O,广东,1%↓,2015
0,1,湛江,4,4253元/O,广东,--,2015
0,1,云浮,4,6401元/O,广东,0.97%↓,2019
0,1,云浮,3,6464元/O,广东,2.54%↑,2019
0,1,云浮,2,6305元/O,广东,3.98%↑,2019
0,1,云浮,1,6064元/O,广东,0.35%↑,2019
0,1,云浮,12,6043元/O,广东,--,2018
0,1,梅州,4,6353元/O,广东,3.34%↓,2019
0,1,梅州,3,6573元/O,广东,2.09%↓,2019
0,1,梅州,2,6714元/O,广东,0.77%↓,2019
0,1,梅州,1,6767元/O,广东,3.85%↓,2019
0,1,梅州,12,7038元/O,广东,5.74%↓,2018
0,1,梅州,11,7467元/O,广东,1.38%↓,2018
0,1,梅州,10,7572元/O,广东,2.62%↓,2018
0,1,梅州,9,7776元/O,广东,2.5%↓,2018
0,1,梅州,8,7976元/O,广东,0.17%↓,2018
0,1,梅州,7,7990元/O,广东,1.53%↓,2018
0,1,梅州,6,8114元/O,广东,1.47%↑,2018
0,1,梅州,5,7997元/O,广东,--,2018
0,1,梅州,4,8040元/O,广东,0.42%↓,2018
0,1,梅州,3,8075元/O,广东,0.05%↑,2018
0,1,梅州,2,8011元/O,广东,0.79%↓,2018
0,1,梅州,1,8075元/O,广东,1.98%↑,2018
0,1,梅州,12,7919元/O,广东,0.06%↑,2017
0,1,梅州,11,7767元/O,广东,2.49%↑,2017
0,1,梅州,10,7579元/O,广东,0.03%↑,2017
0,1,梅州,9,7051元/O,广东,4.41%↑,2017
0,1,梅州,8,6754元/O,广东,0.76%↑,2017
0,1,梅州,7,6704元/O,广东,0.04%↑,2017
0,1,梅州,6,6373元/O,广东,55.67%↓,2017
0,1,梅州,5,14376元/O,广东,1.9%↓,2017
0,1,梅州,4,16938元/O,广东,--,2017
0,1,梅州,11,--,广东,--,2016
0,1,梅州,10,--,广东,--,2016
0,1,河源,4,6216元/O,广东,0.29%↓,2019
0,1,河源,3,6234元/O,广东,0.21%↓,2019
0,1,河源,2,6247元/O,广东,0.88%↓,2019
0,1,河源,1,6303元/O,广东,2.19%↓,2019
0,1,河源,12,6445元/O,广东,1.47%↓,2018
0,1,河源,11,6541元/O,广东,0.55%↓,2018
0,1,河源,10,6578元/O,广东,1.3%↓,2018
0,1,河源,9,6665元/O,广东,0.23%↓,2018
0,1,河源,8,6681元/O,广东,0.78%↑,2018
0,1,河源,7,6630元/O,广东,0.12%↓,2018
0,1,河源,6,6638元/O,广东,0.33%↓,2018
0,1,河源,5,6661元/O,广东,--,2018
0,1,河源,4,6877元/O,广东,0.74%↓,2018
0,1,河源,3,6928元/O,广东,0.05%↓,2018
0,1,河源,2,6763元/O,广东,5.29%↑,2018
0,1,河源,1,6423元/O,广东,0.08%↓,2018
0,1,河源,12,6429元/O,广东,0.03%↓,2017
0,1,河源,11,6266元/O,广东,3.23%↓,2017
0,1,河源,10,6475元/O,广东,0.05%↓,2017
0,1,河源,9,6615元/O,广东,1.97%↑,2017
0,1,河源,8,6487元/O,广东,5.26%↑,2017
0,1,河源,7,6163元/O,广东,0.17%↑,2017
0,1,河源,6,6398元/O,广东,0.08%↓,2017
0,1,河源,5,6403元/O,广东,0.08%↑,2017
0,1,河源,4,6228元/O,广东,3.62%↑,2017
0,1,河源,3,6011元/O,广东,0.23%↓,2017
0,1,河源,2,5795元/O,广东,8.25%↓,2017
0,1,河源,1,6317元/O,广东,0.68%↓,2017
0,1,河源,12,6361元/O,广东,0.5%↓,2016
0,1,河源,11,6393元/O,广东,55.44%↑,2016
0,1,河源,10,4113元/O,广东,10.13%↑,2016
0,1,河源,9,3735元/O,广东,2.95%↓,2016
0,1,河源,8,3849元/O,广东,9.33%↓,2016
0,1,河源,7,4245元/O,广东,4.96%↑,2016
0,1,河源,6,4045元/O,广东,5.33%↑,2016
0,1,河源,5,3841元/O,广东,4.87%↓,2016
0,1,河源,4,4038元/O,广东,38.08%↓,2016
0,1,河源,3,6522元/O,广东,12.96%↓,2016
0,1,河源,2,7494元/O,广东,8.86%↓,2016
0,1,河源,1,8223元/O,广东,15.98%↓,2016
0,1,河源,12,8223元/O,广东,14%↑,2015
0,1,河源,11,7211元/O,广东,--,2015
0,1,河源,10,7246元/O,广东,15%↓,2015
0,1,河源,9,8483元/O,广东,4%↑,2015
0,1,河源,8,8125元/O,广东,9%↑,2015
0,1,河源,7,7487元/O,广东,12%↑,2015
0,1,河源,6,6703元/O,广东,2%↓,2015
0,1,河源,5,6812元/O,广东,--,2015
0,1,河源,4,4047元/O,广东,--,2015
0,1,阳江,4,5944元/O,广东,1.11%↓,2019
0,1,阳江,3,6011元/O,广东,1.74%↑,2019
0,1,阳江,2,5909元/O,广东,0.55%↑,2019
0,1,阳江,1,5877元/O,广东,0.12%↑,2019
0,1,阳江,12,5870元/O,广东,0.8%↓,2018
0,1,阳江,11,5918元/O,广东,0.61%↓,2018
0,1,阳江,10,5955元/O,广东,0.45%↓,2018
0,1,阳江,9,5983元/O,广东,1.89%↓,2018
0,1,阳江,8,6099元/O,广东,0.45%↓,2018
0,1,阳江,7,6127元/O,广东,2.25%↓,2018
0,1,阳江,6,6269元/O,广东,2.79%↑,2018
0,1,阳江,5,6099元/O,广东,--,2018
0,1,阳江,4,5981元/O,广东,3.85%↑,2018
0,1,阳江,3,5760元/O,广东,0.08%↑,2018
0,1,阳江,2,5465元/O,广东,1.52%↑,2018
0,1,阳江,1,5384元/O,广东,0.48%↓,2018
0,1,阳江,12,5410元/O,广东,0.01%↑,2017
0,1,阳江,11,5342元/O,广东,2.14%↑,2017
0,1,阳江,10,5231元/O,广东,0.03%↓,2017
0,1,阳江,9,5427元/O,广东,3.72%↓,2017
0,1,阳江,8,5637元/O,广东,1.03%↓,2017
0,1,阳江,7,5696元/O,广东,0.01%↑,2017
0,1,阳江,6,5599元/O,广东,7.27%↑,2017
0,1,阳江,5,5220元/O,广东,0.14%↑,2017
0,1,阳江,4,5154元/O,广东,5.2%↓,2017
0,1,阳江,3,5437元/O,广东,0.11%↑,2017
0,1,阳江,2,5415元/O,广东,9.87%↑,2017
0,1,阳江,1,4929元/O,广东,20.88%↑,2017
0,1,阳江,12,4078元/O,广东,0.24%↓,2016
0,1,阳江,11,4088元/O,广东,1.74%↑,2016
0,1,阳江,10,4019元/O,广东,0.68%↓,2016
0,1,阳江,9,4047元/O,广东,0.48%↓,2016
0,1,阳江,8,4067元/O,广东,0.13%↓,2016
0,1,阳江,7,4073元/O,广东,1.41%↓,2016
0,1,阳江,6,4132元/O,广东,0.07%↓,2016
0,1,阳江,5,4135元/O,广东,1.76%↑,2016
0,1,阳江,4,4064元/O,广东,0.62%↓,2016
0,1,阳江,3,4090元/O,广东,4.51%↓,2016
0,1,阳江,2,4284元/O,广东,2.57%↑,2016
0,1,阳江,1,4177元/O,广东,1.55%↓,2016
0,1,阳江,12,4177元/O,广东,2%↑,2015
0,1,阳江,11,4105元/O,广东,2%↓,2015
0,1,阳江,10,4193元/O,广东,3%↑,2015
0,1,阳江,9,4056元/O,广东,--,2015
0,1,阳江,8,4070元/O,广东,5%↓,2015
0,1,阳江,7,4286元/O,广东,1%↑,2015
0,1,阳江,6,4259元/O,广东,--,2015
0,1,阳江,5,4247元/O,广东,2%↑,2015
0,1,阳江,4,4181元/O,广东,--,2015
0,1,揭阳,4,5885元/O,广东,4.67%↓,2019
0,1,揭阳,3,6173元/O,广东,2.81%↓,2019
0,1,揭阳,2,6352元/O,广东,2.85%↑,2019
0,1,揭阳,1,6176元/O,广东,0.09%↑,2019
0,1,揭阳,12,6171元/O,广东,2.49%↓,2018
0,1,揭阳,11,6329元/O,广东,4.24%↓,2018
0,1,揭阳,10,6610元/O,广东,1.49%↓,2018
0,1,揭阳,9,6710元/O,广东,2.13%↓,2018
0,1,揭阳,8,6856元/O,广东,0.17%↑,2018
0,1,揭阳,7,6845元/O,广东,0.15%↓,2018
0,1,揭阳,6,6855元/O,广东,4.37%↑,2018
0,1,揭阳,5,6568元/O,广东,--,2018
0,1,揭阳,4,6701元/O,广东,1.83%↓,2018
0,1,揭阳,3,6826元/O,广东,0.01%↑,2018
0,1,揭阳,2,6574元/O,广东,5.31%↑,2018
0,1,揭阳,1,6243元/O,广东,2.43%↑,2018
0,1,揭阳,12,6096元/O,广东,0.12%↑,2017
0,1,揭阳,11,5955元/O,广东,7.4%↑,2017
0,1,揭阳,10,5545元/O,广东,--,2017
0,1,揭阳,9,5678元/O,广东,3.41%↓,2017
0,1,揭阳,8,5879元/O,广东,5.72%↓,2017
0,1,揭阳,7,6236元/O,广东,0.13%↓,2017
0,1,揭阳,6,6426元/O,广东,3.86%↑,2017
0,1,揭阳,5,6188元/O,广东,0.02%↑,2017
0,1,揭阳,4,6430元/O,广东,1.04%↑,2017
0,1,揭阳,3,6364元/O,广东,0.27%↑,2017
0,1,揭阳,2,6301元/O,广东,9.97%↑,2017
0,1,揭阳,1,5730元/O,广东,14.33%↑,2017
0,1,揭阳,12,5012元/O,广东,0.33%↓,2016
0,1,揭阳,11,5029元/O,广东,1.21%↓,2016
0,1,揭阳,10,5091元/O,广东,0.92%↓,2016
0,1,揭阳,9,5139元/O,广东,1.51%↓,2016
0,1,揭阳,8,5218元/O,广东,0.76%↓,2016
0,1,揭阳,7,5259元/O,广东,2.01%↓,2016
0,1,揭阳,6,5368元/O,广东,1.74%↓,2016
0,1,揭阳,5,5464元/O,广东,3.19%↓,2016
0,1,揭阳,4,5644元/O,广东,2.06%↓,2016
0,1,揭阳,3,5763元/O,广东,6.37%↑,2016
0,1,揭阳,2,5418元/O,广东,1.95%↓,2016
0,1,揭阳,1,5526元/O,广东,7.57%↓,2016
0,1,揭阳,12,5526元/O,广东,5%↑,2015
0,1,揭阳,11,5280元/O,广东,4%↓,2015
0,1,揭阳,10,5515元/O,广东,2%↑,2015
0,1,揭阳,9,5389元/O,广东,3%↑,2015
0,1,揭阳,8,5252元/O,广东,9%↑,2015
0,1,揭阳,7,4804元/O,广东,--,2015
0,1,揭阳,6,4823元/O,广东,1%↓,2015
0,1,揭阳,5,4852元/O,广东,1%↑,2015
0,1,揭阳,4,4795元/O,广东,--,2015
0,1,阳春,4,5375元/O,广东,0.11%↓,2019
0,1,阳春,3,5381元/O,广东,1.15%↓,2019
0,1,阳春,2,5444元/O,广东,0.94%↑,2019
0,1,阳春,1,5394元/O,广东,0.08%↑,2019
0,1,阳春,12,5390元/O,广东,1.44%↓,2018
0,1,阳春,11,5469元/O,广东,2.04%↑,2018
0,1,阳春,10,5360元/O,广东,1.92%↑,2018
0,1,阳春,9,5260元/O,广东,0.06%↑,2018
0,1,阳春,8,5258元/O,广东,3.47%↓,2018
0,1,阳春,7,5447元/O,广东,2.89%↓,2018
0,1,阳春,6,5609元/O,广东,--,2018
